til_720_z1, til_1080_z1, til_4k_z1, til_720_z2, til_1080_z2, til_4k_z2, til_720_z3, til_1080_z3, z1_bit, z2_bit, z3_bit, til_4k_z3, qt_sw_z1, qt_sw_z2, qt_sw_z3, total_stall, start_time
9, 0, 0, 72, 0, 0, 351, 0, 0, 53612.393803, 228745.288638, 273068.661075, 0, 0, 0, 22.706489, 0.000060
