til_720_z1, til_1080_z1, til_4k_z1, til_720_z2, til_1080_z2, til_4k_z2, til_720_z3, til_1080_z3, z1_bit, z2_bit, z3_bit, til_4k_z3, qt_sw_z1, qt_sw_z2, qt_sw_z3, total_stall, start_time
10, 1, 0, 88, 0, 0, 429, 0, 0, 91334.000041, 255286.807142, 353429.347308, 2, 0, 0, 20.089632, 0.000061
