til_720_z1, til_1080_z1, til_4k_z1, til_720_z2, til_1080_z2, til_4k_z2, til_720_z3, til_1080_z3,til_4k_z3, z1_bit, z2_bit, z3_bit, qt_sw_z1, qt_sw_z2, qt_sw_z3, total_stall, start_time,QoE,QoE1
2,0,0,16,0,0,78,0,0,4185.378814,8467.925234,11343.471428,0,0,0,53.238566,5.5e-05,46276.64539,121207.0421514
