til_720_z1, til_1080_z1, til_4k_z1, til_720_z2, til_1080_z2, til_4k_z2, til_720_z3, til_1080_z3, z1_bit, z2_bit, z3_bit, til_4k_z3, qt_sw_z1, qt_sw_z2, qt_sw_z3, total_stall, start_time
4, 0, 0, 32, 0, 0, 156, 0, 0, 8275.307235, 53047.060326, 90328.947922, 0, 0, 0, 31.537350, 0.000062
