til_720_z1, til_1080_z1, til_4k_z1, til_720_z2, til_1080_z2, til_4k_z2, til_720_z3, til_1080_z3, z1_bit, z2_bit, z3_bit, til_4k_z3, qt_sw_z1, qt_sw_z2, qt_sw_z3, total_stall, start_time
11, 1, 0, 93, 2, 1, 463, 5, 0, 84431.438516, 269066.768288, 420326.229167, 1, 1, 0, 20.024126, 0.000061
