til_720_z1, til_1080_z1, til_4k_z1, til_720_z2, til_1080_z2, til_4k_z2, til_720_z3, til_1080_z3, z1_bit, z2_bit, z3_bit, til_4k_z3, qt_sw_z1, qt_sw_z2, qt_sw_z3, total_stall, start_time
3, 0, 0, 24, 0, 0, 117, 0, 0, 8319.300985, 46314.281325, 65301.420481, 0, 0, 0, 33.944605, 0.000066
