til_720_z1, til_1080_z1, til_4k_z1, til_720_z2, til_1080_z2, til_4k_z2, til_720_z3, til_1080_z3, z1_bit, z2_bit, z3_bit, til_4k_z3, qt_sw_z1, qt_sw_z2, qt_sw_z3, total_stall, start_time
4, 0, 0, 32, 0, 0, 156, 0, 0, 24472.794985, 56430.053344, 78399.562703, 0, 0, 0, 29.633515, 0.000062
