til_720_z1, til_1080_z1, til_4k_z1, til_720_z2, til_1080_z2, til_4k_z2, til_720_z3, til_1080_z3, z1_bit, z2_bit, z3_bit, til_4k_z3, qt_sw_z1, qt_sw_z2, qt_sw_z3, total_stall, start_time
5, 0, 0, 40, 0, 0, 195, 0, 0, 25359.673267, 63808.191100, 90542.579373, 0, 0, 0, 28.887906, 0.000061
