til_720_z1, til_1080_z1, til_4k_z1, til_720_z2, til_1080_z2, til_4k_z2, til_720_z3, til_1080_z3, z1_bit, z2_bit, z3_bit, til_4k_z3, qt_sw_z1, qt_sw_z2, qt_sw_z3, total_stall, start_time
1, 0, 16, 8, 0, 128, 39, 0, 624, 3794485.036429, 18387877.928878, 21804473.274799, 1, 1, 1, 0.528566, 0.000056
