til_720_z1, til_1080_z1, til_4k_z1, til_720_z2, til_1080_z2, til_4k_z2, til_720_z3, til_1080_z3, z1_bit, z2_bit, z3_bit, til_4k_z3, qt_sw_z1, qt_sw_z2, qt_sw_z3, total_stall, start_time
8, 0, 0, 64, 0, 0, 312, 0, 0, 48575.356805, 193769.887590, 259950.335505, 0, 0, 0, 24.009154, 0.000127
