til_720_z1, til_1080_z1, til_4k_z1, til_720_z2, til_1080_z2, til_4k_z2, til_720_z3, til_1080_z3, z1_bit, z2_bit, z3_bit, til_4k_z3, qt_sw_z1, qt_sw_z2, qt_sw_z3, total_stall, start_time
9, 0, 0, 72, 0, 0, 351, 0, 0, 49145.204573, 209000.594177, 278117.463769, 0, 0, 0, 23.541121, 0.000061
