til_720_z1, til_1080_z1, til_4k_z1, til_720_z2, til_1080_z2, til_4k_z2, til_720_z3, til_1080_z3, z1_bit, z2_bit, z3_bit, til_4k_z3, qt_sw_z1, qt_sw_z2, qt_sw_z3, total_stall, start_time
12, 0, 0, 92, 4, 0, 463, 4, 1, 84483.431457, 268803.671915, 420246.784371, 1, 1, 0, 20.024194, 0.000058
