til_720_z1, til_1080_z1, til_4k_z1, til_720_z2, til_1080_z2, til_4k_z2, til_720_z3, til_1080_z3, z1_bit, z2_bit, z3_bit, til_4k_z3, qt_sw_z1, qt_sw_z2, qt_sw_z3, total_stall, start_time
10, 0, 0, 80, 0, 0, 390, 0, 0, 81751.866359, 242217.494177, 309103.704245, 0, 0, 0, 21.061388, 0.000066
