til_720_z1, til_1080_z1, til_4k_z1, til_720_z2, til_1080_z2, til_4k_z2, til_720_z3, til_1080_z3,til_4k_z3, z1_bit, z2_bit, z3_bit, qt_sw_z1, qt_sw_z2, qt_sw_z3, total_stall, start_time,QoE,QoE1
2,0,0,16,0,0,78,0,0,4826.619989,246866.556173,166783.156572,0,0,0,18.724865,5.5e-05,1191636.2204583,2097558.3518404
