til_720_z1, til_1080_z1, til_4k_z1, til_720_z2, til_1080_z2, til_4k_z2, til_720_z3, til_1080_z3,til_4k_z3, z1_bit, z2_bit, z3_bit, qt_sw_z1, qt_sw_z2, qt_sw_z3, total_stall, start_time,QoE,QoE1
2,0,0,16,0,0,78,0,0,20324.452577,41716.600054,55917.158263,0,0,0,10.036966,5.5e-05,228650.75467559998,598058.0290384
