til_720_z1, til_1080_z1, til_4k_z1, til_720_z2, til_1080_z2, til_4k_z2, til_720_z3, til_1080_z3,til_4k_z3, z1_bit, z2_bit, z3_bit, qt_sw_z1, qt_sw_z2, qt_sw_z3, total_stall, start_time,QoE,QoE1
1,0,16,8,0,128,39,0,624,3953460.035093,18219491.38633,22729161.927045,1,1,1,0.471377,5.6e-05,790401419.9527035,2049559772.861697
