til_720_z1, til_1080_z1, til_4k_z1, til_720_z2, til_1080_z2, til_4k_z2, til_720_z3, til_1080_z3, z1_bit, z2_bit, z3_bit, til_4k_z3, qt_sw_z1, qt_sw_z2, qt_sw_z3, total_stall, start_time
10, 0, 2, 88, 8, 0, 468, 0, 0, 143395.291030, 286905.429739, 381523.612039, 1, 1, 0, 22.278197, 0.000062
